{
	"format_version": "1.8.0",
	"animations": {
		"animation.wings_1.idel": {
			"loop": true,
			"animation_length": 1.1667,
			"bones": {
				"wings_1_wings_1": {
					"rotation": {
						"0.0": [
							0,
							0,
							0
						],
						"0.0417": [
							0,
							2.76322,
							0
						],
						"0.0833": [
							0,
							9.7799,
							0
						],
						"0.125": [
							0,
							17.81269,
							0
						],
						"0.1667": [
							0,
							24.95313,
							0
						],
						"0.2083": [
							0,
							30.80613,
							0
						],
						"0.25": [
							0,
							35.47368,
							0
						],
						"0.2917": [
							0,
							39.14055,
							0
						],
						"0.3333": [
							0,
							41.9739,
							0
						],
						"0.375": [
							0,
							44.1091,
							0
						],
						"0.4167": [
							0,
							45.65338,
							0
						],
						"0.4583": [
							0,
							46.69063,
							0
						],
						"0.5": [
							0,
							47.28796,
							0
						],
						"0.5417": [
							0,
							47.5,
							0
						],
						"0.5833": [
							0,
							47.35334,
							0
						],
						"0.625": [
							0,
							46.81542,
							0
						],
						"0.6667": [
							0,
							45.83073,
							0
						],
						"0.7083": [
							0,
							44.331,
							0
						],
						"0.75": [
							0,
							42.23088,
							0
						],
						"0.7917": [
							0,
							39.42123,
							0
						],
						"0.8333": [
							0,
							35.76416,
							0
						],
						"0.875": [
							0,
							31.08914,
							0
						],
						"0.9167": [
							0,
							25.20711,
							0
						],
						"0.9583": [
							0,
							18.01172,
							0
						],
						"1.0": [
							0,
							9.89889,
							0
						],
						"1.0417": [
							0,
							2.79942,
							0
						],
						"1.0833": [
							0,
							0,
							0
						]
					}
				},
				"wings_1_bone": {
					"rotation": {
						"0.0": [
							0,
							0,
							0
						],
						"0.0417": [
							0,
							-2.79942,
							0
						],
						"0.0833": [
							0,
							-9.89889,
							0
						],
						"0.125": [
							0,
							-18.01172,
							0
						],
						"0.1667": [
							0,
							-25.20711,
							0
						],
						"0.2083": [
							0,
							-31.08914,
							0
						],
						"0.25": [
							0,
							-35.76416,
							0
						],
						"0.2917": [
							0,
							-39.42123,
							0
						],
						"0.3333": [
							0,
							-42.23088,
							0
						],
						"0.375": [
							0,
							-44.331,
							0
						],
						"0.4167": [
							0,
							-45.83073,
							0
						],
						"0.4583": [
							0,
							-46.81542,
							0
						],
						"0.5": [
							0,
							-47.35334,
							0
						],
						"0.5417": [
							0,
							-47.5,
							0
						],
						"0.5833": [
							0,
							-47.28796,
							0
						],
						"0.625": [
							0,
							-46.69063,
							0
						],
						"0.6667": [
							0,
							-45.65338,
							0
						],
						"0.7083": [
							0,
							-44.1091,
							0
						],
						"0.75": [
							0,
							-41.9739,
							0
						],
						"0.7917": [
							0,
							-39.14055,
							0
						],
						"0.8333": [
							0,
							-35.47368,
							0
						],
						"0.875": [
							0,
							-30.80613,
							0
						],
						"0.9167": [
							0,
							-24.95313,
							0
						],
						"0.9583": [
							0,
							-17.81269,
							0
						],
						"1.0": [
							0,
							-9.7799,
							0
						],
						"1.0417": [
							0,
							-2.76322,
							0
						],
						"1.0833": [
							0,
							0,
							0
						]
					},
					"position": [
						0,
						0,
						-0.1
					]
				},
				"wings_1_all": {
					"position": [
						0,
						12,
						0
					]
				}
			}
		}
	}
}
