{
	"format_version": "1.8.0",
	"animations": {
		"animation.wingv2_6.idle": {
			"loop": true,
			"animation_length": 1.125,
			"bones": {
				"wings_v2_5_group": {
					"rotation": {
						"0.0": [
							0,
							0,
							0
						],
						"0.0417": [
							0,
							0.01075,
							0
						],
						"0.0833": [
							0,
							1.80025,
							0
						],
						"0.125": [
							0,
							5.17522,
							0
						],
						"0.1667": [
							0,
							9.66057,
							0
						],
						"0.25": [
							0,
							19.60405,
							0
						],
						"0.2917": [
							0,
							24.17321,
							0
						],
						"0.3333": [
							0,
							28.17491,
							0
						],
						"0.375": [
							0,
							31.54653,
							0
						],
						"0.4167": [
							0,
							34.28988,
							0
						],
						"0.4583": [
							0,
							36.43702,
							0
						],
						"0.5": [
							0,
							38.03544,
							0
						],
						"0.5417": [
							0,
							39.1315,
							0
						],
						"0.5833": [
							0,
							39.77216,
							0
						],
						"0.625": [
							0,
							40,
							0
						],
						"0.6667": [
							0,
							39.82852,
							0
						],
						"0.7083": [
							0,
							39.18697,
							0
						],
						"0.75": [
							0,
							37.96182,
							0
						],
						"0.7917": [
							0,
							35.99186,
							0
						],
						"0.8333": [
							0,
							33.0428,
							0
						],
						"0.875": [
							0,
							28.77753,
							0
						],
						"0.9167": [
							0,
							22.78269,
							0
						],
						"1.0": [
							0,
							7.12402,
							0
						],
						"1.0417": [
							0,
							1.94645,
							0
						],
						"1.0833": [
							0,
							-0.11094,
							0
						],
						"1.125": [
							0,
							0,
							0
						]
					}
				},
				"wings_v2_5_group4": {
					"rotation": {
						"0.0": [
							0,
							0,
							0
						],
						"0.0417": [
							0,
							-1.54942,
							0
						],
						"0.0833": [
							0,
							-4.41745,
							0
						],
						"0.125": [
							0,
							-8.38957,
							0
						],
						"0.1667": [
							0,
							-13.04107,
							0
						],
						"0.2083": [
							0,
							-17.87273,
							0
						],
						"0.25": [
							0,
							-22.47371,
							0
						],
						"0.2917": [
							0,
							-26.59453,
							0
						],
						"0.3333": [
							0,
							-30.1258,
							0
						],
						"0.375": [
							0,
							-33.04861,
							0
						],
						"0.4167": [
							0,
							-35.38894,
							0
						],
						"0.4583": [
							0,
							-37.19103,
							0
						],
						"0.5": [
							0,
							-38.50704,
							0
						],
						"0.5417": [
							0,
							-39.38442,
							0
						],
						"0.5833": [
							0,
							-39.86872,
							0
						],
						"0.625": [
							0,
							-40,
							0
						],
						"0.6667": [
							0,
							-39.80597,
							0
						],
						"0.7083": [
							0,
							-39.2426,
							0
						],
						"0.75": [
							0,
							-38.21592,
							0
						],
						"0.7917": [
							0,
							-36.59029,
							0
						],
						"0.8333": [
							0,
							-34.16385,
							0
						],
						"0.875": [
							0,
							-30.63413,
							0
						],
						"0.9167": [
							0,
							-25.59286,
							0
						],
						"0.9583": [
							0,
							-18.82266,
							0
						],
						"1.0": [
							0,
							-11.46764,
							0
						],
						"1.0417": [
							0,
							-5.84115,
							0
						],
						"1.0833": [
							0,
							-2.5569,
							0
						],
						"1.125": [
							0,
							-1,
							0
						]
					}
				},
				"wings_v2_5_all": {
					"position": [
						0,
						12,
						0
					]
				}
			}
		}
	}
}
