{
	"format_version": "1.8.0",
	"animations": {
		"animation.wings_2.idel": {
			"loop": true,
			"animation_length": 1.125,
			"bones": {
				"wings_2_bone2": {
					"rotation": {
						"0.0": [
							0,
							0,
							0
						],
						"0.0417": [
							0,
							2.84042,
							0
						],
						"0.0833": [
							0,
							9.63047,
							0
						],
						"0.125": [
							0,
							17.74584,
							0
						],
						"0.1667": [
							0,
							25.5871,
							0
						],
						"0.2083": [
							0,
							32.51522,
							0
						],
						"0.25": [
							0,
							38.3698,
							0
						],
						"0.2917": [
							0,
							43.17649,
							0
						],
						"0.3333": [
							0,
							47.02203,
							0
						],
						"0.375": [
							0,
							50.00434,
							0
						],
						"0.4167": [
							0,
							52.21576,
							0
						],
						"0.4583": [
							0,
							53.73863,
							0
						],
						"0.5": [
							0,
							54.64648,
							0
						],
						"0.5417": [
							0,
							55,
							0
						],
						"0.5833": [
							0,
							54.82553,
							0
						],
						"0.625": [
							0,
							54.07599,
							0
						],
						"0.6667": [
							0,
							52.68815,
							0
						],
						"0.7083": [
							0,
							50.58532,
							0
						],
						"0.75": [
							0,
							47.68147,
							0
						],
						"0.7917": [
							0,
							43.87989,
							0
						],
						"0.8333": [
							0,
							39.0775,
							0
						],
						"0.875": [
							0,
							33.18192,
							0
						],
						"0.9167": [
							0,
							26.16256,
							0
						],
						"0.9583": [
							0,
							18.17904,
							0
						],
						"1.0": [
							0,
							9.88338,
							0
						],
						"1.0417": [
							0,
							2.91994,
							0
						],
						"1.0833": [
							0,
							0,
							0
						]
					}
				},
				"wings_2_bone": {
					"rotation": {
						"0.0": [
							0,
							0,
							0
						],
						"0.0417": [
							0,
							-3.44788,
							0
						],
						"0.0833": [
							0,
							-12.07461,
							0
						],
						"0.125": [
							0,
							-22.05208,
							0
						],
						"0.1667": [
							0,
							-31.08299,
							0
						],
						"0.2083": [
							0,
							-38.58727,
							0
						],
						"0.25": [
							0,
							-44.62011,
							0
						],
						"0.2917": [
							0,
							-49.37781,
							0
						],
						"0.3333": [
							0,
							-53.05474,
							0
						],
						"0.375": [
							0,
							-55.81495,
							0
						],
						"0.4167": [
							0,
							-57.79204,
							0
						],
						"0.4583": [
							0,
							-59.09392,
							0
						],
						"0.5": [
							0,
							-59.80586,
							0
						],
						"0.5417": [
							0,
							-60,
							0
						],
						"0.5833": [
							0,
							-59.71733,
							0
						],
						"0.625": [
							0,
							-58.92531,
							0
						],
						"0.6667": [
							0,
							-57.5531,
							0
						],
						"0.7083": [
							0,
							-55.51695,
							0
						],
						"0.75": [
							0,
							-52.71097,
							0
						],
						"0.7917": [
							0,
							-49.00409,
							0
						],
						"0.8333": [
							0,
							-44.23557,
							0
						],
						"0.875": [
							0,
							-38.21527,
							0
						],
						"0.9167": [
							0,
							-30.75205,
							0
						],
						"0.9583": [
							0,
							-21.79524,
							0
						],
						"1.0": [
							0,
							-11.92207,
							0
						],
						"1.0417": [
							0,
							-3.40114,
							0
						],
						"1.0833": [
							0,
							0,
							0
						]
					}
				},
				"wings_2_all": {
					"position": [
						0,
						12,
						0
					]
				}
			}
		}
	}
}
