{
    "format_version": "1.8.0",
    "animations": {
        "animation.wings_6.idel": {
            "loop": true,
            "animation_length": 1.1667,
            "bones": {
                "wings_6_group2": {
                    "rotation": {
                        "0.0": [
                            0,
                            0,
                            0
                        ],
                        "0.0417": [
                            0,
                            -2.9684,
                            0
                        ],
                        "0.0833": [
                            0,
                            -10.1745,
                            0
                        ],
                        "0.125": [
                            0,
                            -18.69795,
                            0
                        ],
                        "0.1667": [
                            0,
                            -26.75074,
                            0
                        ],
                        "0.2083": [
                            0,
                            -33.70623,
                            0
                        ],
                        "0.25": [
                            0,
                            -39.46903,
                            0
                        ],
                        "0.2917": [
                            0,
                            -44.12013,
                            0
                        ],
                        "0.3333": [
                            0,
                            -47.78223,
                            0
                        ],
                        "0.375": [
                            0,
                            -50.57822,
                            0
                        ],
                        "0.4167": [
                            0,
                            -52.61395,
                            0
                        ],
                        "0.4583": [
                            0,
                            -53.9803,
                            0
                        ],
                        "0.5": [
                            0,
                            -54.75401,
                            0
                        ],
                        "0.5417": [
                            0,
                            -55,
                            0
                        ],
                        "0.5833": [
                            0,
                            -54.75401,
                            0
                        ],
                        "0.625": [
                            0,
                            -53.9803,
                            0
                        ],
                        "0.6667": [
                            0,
                            -52.61395,
                            0
                        ],
                        "0.7083": [
                            0,
                            -50.57822,
                            0
                        ],
                        "0.75": [
                            0,
                            -47.78223,
                            0
                        ],
                        "0.7917": [
                            0,
                            -44.12013,
                            0
                        ],
                        "0.8333": [
                            0,
                            -39.46903,
                            0
                        ],
                        "0.875": [
                            0,
                            -33.70623,
                            0
                        ],
                        "0.9167": [
                            0,
                            -26.75074,
                            0
                        ],
                        "0.9583": [
                            0,
                            -18.69795,
                            0
                        ],
                        "1.0": [
                            0,
                            -10.1745,
                            0
                        ],
                        "1.0417": [
                            0,
                            -2.9684,
                            0
                        ],
                        "1.0833": [
                            0,
                            0,
                            0
                        ]
                    }
                },
                "wings_6_group": {
                    "rotation": {
                        "0.0": [
                            0,
                            0,
                            0
                        ],
                        "0.0417": [
                            0,
                            3.11768,
                            0
                        ],
                        "0.0833": [
                            0,
                            10.92846,
                            0
                        ],
                        "0.125": [
                            0,
                            19.97879,
                            0
                        ],
                        "0.1667": [
                            0,
                            28.18915,
                            0
                        ],
                        "0.2083": [
                            0,
                            35.03041,
                            0
                        ],
                        "0.25": [
                            0,
                            40.54901,
                            0
                        ],
                        "0.2917": [
                            0,
                            44.92016,
                            0
                        ],
                        "0.3333": [
                            0,
                            48.31815,
                            0
                        ],
                        "0.375": [
                            0,
                            50.89034,
                            0
                        ],
                        "0.4167": [
                            0,
                            52.75684,
                            0
                        ],
                        "0.4583": [
                            0,
                            54.01475,
                            0
                        ],
                        "0.5": [
                            0,
                            54.74082,
                            0
                        ],
                        "0.5417": [
                            0,
                            55,
                            0
                        ],
                        "0.5833": [
                            0,
                            54.8221,
                            0
                        ],
                        "0.625": [
                            0,
                            54.16954,
                            0
                        ],
                        "0.6667": [
                            0,
                            52.9762,
                            0
                        ],
                        "0.7083": [
                            0,
                            51.16391,
                            0
                        ],
                        "0.75": [
                            0,
                            48.63375,
                            0
                        ],
                        "0.7917": [
                            0,
                            45.26325,
                            0
                        ],