{
    "format_version": "1.8.0",
    "animations": {
        "animation.wings_5.idel": {
            "loop": true,
            "animation_length": 1.125,
            "bones": {
                "wings_5_group2": {
                    "rotation": {
                        "0.0": [
                            0,
                            0,
                            0
                        ],
                        "0.0417": [
                            0,
                            2.91994,
                            0
                        ],
                        "0.0833": [
                            0,
                            9.88338,
                            0
                        ],
                        "0.125": [
                            0,
                            18.17904,
                            0
                        ],
                        "0.1667": [
                            0,
                            26.16256,
                            0
                        ],
                        "0.2083": [
                            0,
                            33.18192,
                            0
                        ],
                        "0.25": [
                            0,
                            39.0775,
                            0
                        ],
                        "0.2917": [
                            0,
                            43.87989,
                            0
                        ],
                        "0.3333": [
                            0,
                            47.68147,
                            0
                        ],
                        "0.375": [
                            0,
                            50.58532,
                            0
                        ],
                        "0.4167": [
                            0,
                            52.68815,
                            0
                        ],
                        "0.4583": [
                            0,
                            54.07599,
                            0
                        ],
                        "0.5": [
                            0,
                            54.82553,
                            0
                        ],
                        "0.5417": [
                            0,
                            55,
                            0
                        ],
                        "0.5833": [
                            0,
                            54.64648,
                            0
                        ],
                        "0.625": [
                            0,
                            53.73863,
                            0
                        ],
                        "0.6667": [
                            0,
                            52.21576,
                            0
                        ],
                        "0.7083": [
                            0,
                            50.00434,
                            0
                        ],
                        "0.75": [
                            0,
                            47.02203,
                            0
                        ],
                        "0.7917": [
                            0,
                            43.17649,
                            0
                        ],
                        "0.8333": [
                            0,
                            38.3698,
                            0
                        ],
                        "0.875": [
                            0,
                            32.51522,
                            0
                        ],
                        "0.9167": [
                            0,
                            25.5871,
                            0
                        ],
                        "0.9583": [
                            0,
                            17.74584,
                            0
                        ],
                        "1.0": [
                            0,
                            9.63047,
                            0
                        ],
                        "1.0417": [
                            0,
                            2.84042,
                            0
                        ],
                        "1.0833": [
                            0,
                            0,
                            0
                        ]
                    }
                },
                "wings_5_group": {
                    "rotation": {
                        "0.0": [
                            0,
                            0,
                            0
                        ],
                        "0.0417": [
                            0,
                            -3.13914,
                            0
                        ],
                        "0.0833": [
                            0,
                            -10.99848,
                            0
                        ],
                        "0.125": [
                            0,
                            -20.09669,
                            0
                        ],
                        "0.1667": [
                            0,
                            -28.34106,
                            0
                        ],
                        "0.2083": [
                            0,
                            -35.20116,
                            0
                        ],
                        "0.25": [
                            0,
                            -40.72552,
                            0
                        ],
                        "0.2917": [
                            0,
                            -45.0917,
                            0
                        ],
                        "0.3333": [
                            0,
                            -48.47595,
                            0
                        ],
                        "0.375": [
                            0,
                            -51.02712,
                            0
                        ],
                        "0.4167": [
                            0,
                            -52.86652,
                            0
                        ],
                        "0.4583": [
                            0,
                            -54.09215,
                            0
                        ],
                        "0.5": [
                            0,
                            -54.78146,
                            0
                        ],
                        "0.5417": [
                            0,
                            -55,
                            0
                        ],
                        "0.5833": [
                            0,
                            -54.78146,
                            0
                        ],
                        "0.625": [
                            0,
                            -54.09215,
                            0
                        ],
                        "0.6667": [
                            0,
                            -52.86652,
                            0
                        ],
                        "0.7083": [
                            0,
                            -51.02712,
                            0
                        ],
                        "0.75": [
                            0,
                            -48.47595,
                            0
                        ],
                        "0.7917": [
                            0,
                            -45.0917,
                            0
                        ],