{
    "format_version": "1.8.0",
    "animations": {
        "animation.wings_4.idel": {
            "loop": true,
            "animation_length": 1.125,
            "bones": {
                "wings_4_bone": {
                    "rotation": {
                        "0.0": [
                            0,
                            0,
                            0
                        ],
                        "0.0417": [
                            0,
                            3.19291,
                            0
                        ],
                        "0.0833": [
                            0,
                            11.2584,
                            0
                        ],
                        "0.125": [
                            0,
                            20.52304,
                            0
                        ],
                        "0.1667": [
                            0,
                            28.80613,
                            0
                        ],
                        "0.2083": [
                            0,
                            35.62428,
                            0
                        ],
                        "0.25": [
                            0,
                            41.07206,
                            0
                        ],
                        "0.2917": [
                            0,
                            45.35386,
                            0
                        ],
                        "0.3333": [
                            0,
                            48.65954,
                            0
                        ],
                        "0.375": [
                            0,
                            51.14439,
                            0
                        ],
                        "0.4167": [
                            0,
                            52.93222,
                            0
                        ],
                        "0.4583": [
                            0,
                            54.12155,
                            0
                        ],
                        "0.5": [
                            0,
                            54.78876,
                            0
                        ],
                        "0.5417": [
                            0,
                            55,
                            0
                        ],
                        "0.5833": [
                            0,
                            54.78876,
                            0
                        ],
                        "0.625": [
                            0,
                            54.12155,
                            0
                        ],
                        "0.6667": [
                            0,
                            52.93222,
                            0
                        ],
                        "0.7083": [
                            0,
                            51.14439,
                            0
                        ],
                        "0.75": [
                            0,
                            48.65954,
                            0
                        ],
                        "0.7917": [
                            0,
                            45.35386,
                            0
                        ],
                        "0.8333": [
                            0,
                            41.07206,
                            0
                        ],
                        "0.875": [
                            0,
                            35.62428,
                            0
                        ],
                        "0.9167": [
                            0,
                            28.80613,
                            0
                        ],
                        "0.9583": [
                            0,
                            20.52304,
                            0
                        ],
                        "1.0": [
                            0,
                            11.2584,
                            0
                        ],
                        "1.0417": [
                            0,
                            3.19291,
                            0
                        ],
                        "1.0833": [
                            0,
                            0,
                            0
                        ]
                    }
                },
                "wings_4_group": {
                    "rotation": {
                        "0.0": [
                            0,
                            0,
                            0
                        ],
                        "0.0417": [
                            0,
                            -3.31993,
                            0
                        ],
                        "0.0833": [
                            0,
                            -11.96061,
                            0
                        ],
                        "0.125": [
                            0,
                            -21.6189,
                            0
                        ],
                        "0.1667": [
                            0,
                            -29.90386,
                            0
                        ],
                        "0.2083": [
                            0,
                            -36.52432,
                            0
                        ],
                        "0.25": [
                            0,
                            -41.72,
                            0
                        ],
                        "0.2917": [
                            0,
                            -45.76218,
                            0
                        ],
                        "0.3333": [
                            0,
                            -48.86881,
                            0
                        ],
                        "0.375": [
                            0,
                            -51.2079,
                            0
                        ],
                        "0.4167": [
                            0,
                            -52.90325,
                            0
                        ],
                        "0.4583": [
                            0,
                            -54.05243,
                            0
                        ],
                        "0.5": [
                            0,
                            -54.73142,
                            0
                        ],
                        "0.5417": [
                            0,
                            -55,
                            0
                        ],
                        "0.5833": [
                            0,
                            -54.88549,
                            0
                        ],
                        "0.625": [
                            0,
                            -54.34762,
                            0
                        ],
                        "0.6667": [
                            0,
                            -53.32456,
                            0
                        ],
                        "0.7083": [
                            0,
                            -51.73772,
                            0
                        ],
                        "0.75": [
                            0,
                            -49.4861,
                            0
                        ],
                        "0.7917": [
                            0,
                            -46.44143,
                            0
                        ],