{
	"format_version": "1.12.0",
	"minecraft:geometry": [
		{
			"description": {
				"identifier": "geometry.paladin_wings",
				"texture_width": 128,
				"texture_height": 128,
				"visible_bounds_width": 7,
				"visible_bounds_height": 3.5,
				"visible_bounds_offset": [0, 1.25, 0]
			},
			"bones": [
				{
					"name": "paladin_wings",
					"pivot": [0, 11.76261, 1.42322],
					"cubes": [
						{
							"origin": [6.49882, 9.98228, -0.18718],
							"size": [3.2208, 6.4416, 3.2208],
							"uv": {
								"north": {"uv": [33.06, 53.06], "uv_size": [1.88, 3.88]},
								"east": {"uv": [36.06, 53.06], "uv_size": [1.88, 3.88]},
								"south": {"uv": [39.06, 53.06], "uv_size": [1.88, 3.88]},
								"west": {"uv": [42.06, 53.06], "uv_size": [1.88, 3.88]},
								"up": {"uv": [58.06, 0.06], "uv_size": [1.88, 1.88]},
								"down": {"uv": [58.06, 23.94], "uv_size": [1.88, -1.88]}
							}
						},
						{
							"origin": [-4.026, 18.89671, -0.18718],
							"size": [8.052, 3.2208, 3.2208],
							"uv": {
								"north": {"uv": [24.06, 50.06], "uv_size": [4.88, 1.88]},
								"east": {"uv": [55.06, 30.06], "uv_size": [1.88, 1.88]},
								"south": {"uv": [30.06, 50.06], "uv_size": [4.88, 1.88]},
								"west": {"uv": [55.06, 33.06], "uv_size": [1.88, 1.88]},
								"up": {"uv": [36.06, 50.06], "uv_size": [4.88, 1.88]},
								"down": {"uv": [42.06, 51.94], "uv_size": [4.88, -1.88]}
							}
						},
						{
							"origin": [3.1315, 9.76667, -0.16705],
							"size": [3.2208, 8.052, 3.18054],
							"pivot": [0, 17.16, 5.28],
							"rotation": [0, 0, -45],
							"uv": {
								"north": {"uv": [48.06, 50.06], "uv_size": [1.88, 4.88]},
								"east": {"uv": [51.06, 50.06], "uv_size": [1.88, 4.88]},
								"south": {"uv": [52.06, 0.06], "uv_size": [1.88, 4.88]},
								"west": {"uv": [52.06, 6.06], "uv_size": [1.88, 4.88]},
								"up": {"uv": [55.06, 44.06], "uv_size": [1.88, 1.88]},
								"down": {"uv": [54.06, 56.94], "uv_size": [1.88, -1.88]}
							}
						},
						{
							"origin": [-9.71962, 9.98228, -0.18718],
							"size": [3.2208, 6.4416, 3.2208],
							"uv": {
								"north": {"uv": [52.06, 44.06], "uv_size": [1.88, 3.88]},
								"east": {"uv": [24.06, 53.06], "uv_size": [1.88, 3.88]},
								"south": {"uv": [27.06, 53.06], "uv_size": [1.88, 3.88]},
								"west": {"uv": [30.06, 53.06], "uv_size": [1.88, 3.88]},
								"up": {"uv": [56.06, 36.06], "uv_size": [1.88, 1.88]},
								"down": {"uv": [56.06, 40.94], "uv_size": [1.88, -1.88]}
							}
						},
						{
							"origin": [-6.3523, 9.76667, -0.16705],
							"size": [3.2208, 8.052, 3.18054],
							"pivot": [0, 17.16, 5.28],
							"rotation": [0, 0, 45],
							"uv": {
								"north": {"uv": [52.06, 12.06], "uv_size": [1.88, 4.88]},
								"east": {"uv": [52.06, 18.06], "uv_size": [1.88, 4.88]},
								"south": {"uv": [52.06, 24.06], "uv_size": [1.88, 4.88]},
								"west": {"uv": [52.06, 30.06], "uv_size": [1.88, 4.88]},
								"up": {"uv": [48.06, 56.06], "uv_size": [1.88, 1.88]},
								"down": {"uv": [51.06, 57.94], "uv_size": [1.88, -1.88]}
							}
						},
						{
							"origin": [-10.52482, 11.59268, -0.99238],
							"size": [3.2208, 3.2208, 4.8312],
							"uv": {
								"north": {"uv": [45.06, 57.06], "uv_size": [1.88, 1.88]},
								"east": {"uv": [54.06, 49.06], "uv_size": [2.88, 1.88]},
								"south": {"uv": [57.06, 55.06], "uv_size": [1.88, 1.88]},
								"west": {"uv": [54.06, 52.06], "uv_size": [2.88, 1.88]},
								"up": {"uv": [45.06, 53.06], "uv_size": [1.88, 2.88]},
								"down": {"uv": [55.06, 2.94], "uv_size": [1.88, -2.88]}
							}
						},
						{
							"origin": [-2.4156, 19.81635, -0.99238],
							"size": [4.8312, 3.2208, 4.8312],
							"uv": {
								"north": {"uv": [55.06, 4.06], "uv_size": [2.88, 1.88]},
								"east": {"uv": [55.06, 7.06], "uv_size": [2.88, 1.88]},
								"south": {"uv": [55.06, 10.06], "uv_size": [2.88, 1.88]},
								"west": {"uv": [55.06, 13.06], "uv_size": [2.88, 1.88]},
								"up": {"uv": [52.06, 36.06], "uv_size": [2.88, 2.88]},
								"down": {"uv": [52.06, 42.94], "uv_size": [2.88, -2.88]}
							}
						},
						{
							"origin": [6.3523, 11.37707, 0.61802],
							"size": [1.6104, 4.8312, 1.6104],
							"pivot": [0, 17.16, 5.28],
							"rotation": [0, 0, -45],
							"uv": {
								"north": {"uv": [27.06, 58.06], "uv_size": [0.88, 2.88]},
								"east": {"uv": [58.06, 28.06], "uv_size": [0.88, 2.88]},
								"south": {"uv": [29.06, 58.06], "uv_size": [0.88, 2.88]},
								"west": {"uv": [31.06, 58.06], "uv_size": [0.88, 2.88]},
								"up": {"uv": [55.06, 47.06], "uv_size": [0.88, 0.88]},
								"down": {"uv": [56.06, 42.94], "uv_size": [0.88, -0.88]}
							}
						},
						{
							"origin": [-7.9627, 11.37707, 0.61802],
							"size": [1.6104, 4.8312, 1.6104],
							"pivot": [0, 17.16, 5.28],
							"rotation": [0, 0, 45],
							"uv": {
								"north": {"uv": [58.06, 32.06], "uv_size": [0.88, 2.88]},
								"east": {"uv": [33.06, 58.06], "uv_size": [0.88, 2.88]},
								"south": {"uv": [35.06, 58.06], "uv_size": [0.88, 2.88]},
								"west": {"uv": [37.06, 58.06], "uv_size": [0.88, 2.88]},
								"up": {"uv": [57.06, 47.06], "uv_size": [0.88, 0.88]},
								"down": {"uv": [39.06, 58.94], "uv_size": [0.88, -0.88]}
							}
						},
						{
							"origin": [-8.4546, 3.23085, 1.42322],
							"size": [16.9092, 20.9352, 0],
							"uv": {
								"north": {"uv": [0.06, 50.06], "uv_size": [10.44, 12.88]},
								"east": {"uv": [54.06, 58.06], "uv_size": [0, 12.88]},
								"south": {"uv": [10.5, 50.06], "uv_size": [-10.44, 12.88]},
								"west": {"uv": [55.06, 58.06], "uv_size": [0, 12.88]},
								"up": {"uv": [58.06, 45.06], "uv_size": [10.88, 0]},
								"down": {"uv": [58.06, 46.06], "uv_size": [10.88, 0]}
							}
						},
						{
							"origin": [7.30402, 11.59268, -0.99238],
							"size": [3.2208, 3.2208, 4.8312],
							"uv": {
								"north": {"uv": [46.94, 57.06], "uv_size": [-1.88, 1.88]},
								"east": {"uv": [56.94, 52.06], "uv_size": [-2.88, 1.88]},
								"south": {"uv": [58.94, 55.06], "uv_size": [-1.88, 1.88]},
								"west": {"uv": [56.94, 49.06], "uv_size": [-2.88, 1.88]},
								"up": {"uv": [46.94, 53.06], "uv_size": [-1.88, 2.88]},
								"down": {"uv": [56.94, 2.94], "uv_size": [-1.88, -2.88]}
							}
						}
					]
				},
				{
					"name": "left_wing",
					"parent": "paladin_wings",
					"pivot": [6.21108, 16.11405, 1.43678],
					"cubes": [
						{
							"origin": [4.0374, -3.21075, -0.55592],
							"size": [12.26, 38.6496, 0],
							"pivot": [0, 17.16, 5.28],
							"rotation": [0, -22.5, 0],
							"uv": {
								"north": {"uv": [24.94, 0.06], "uv_size": [-6.88, 23.88]},
								"east": {"uv": [42.06, 58.06], "uv_size": [0, 23.88]},
								"south": {"uv": [18.06, 0.06], "uv_size": [6.88, 23.88]},
								"west": {"uv": [41.06, 58.06], "uv_size": [0, 23.88]},
								"up": {"uv": [82.94, 3.06], "uv_size": [-24.88, 0]},
								"down": {"uv": [82.94, 42.06], "uv_size": [-24.88, 0]}
							}
						}
					]
				},
				{
					"name": "left_wing_end",
					"parent": "left_wing",
					"pivot": [17.34456, 16.11405, 6.13238],
					"cubes": [
						{
							"origin": [16.29093, -3.21075, -0.52339],
							"size": [28.26, 38.6496, 0],
							"pivot": [0.07853, 17.16, 5.31253],
							"rotation": [0, -22.5, 0],
							"uv": {
								"north": {"uv": [17.94, 0.06], "uv_size": [-17.94, 23.88]},
								"east": {"uv": [42.06, 58.06], "uv_size": [0, 23.88]},
								"south": {"uv": [0, 0.06], "uv_size": [17.94, 23.88]},
								"west": {"uv": [41.06, 58.06], "uv_size": [0, 23.88]},
								"up": {"uv": [82.94, 3.06], "uv_size": [-24.88, 0]},
								"down": {"uv": [82.94, 42.06], "uv_size": [-24.88, 0]}
							}
						}
					]
				},
				{
					"name": "right_wing",
					"parent": "paladin_wings",
					"pivot": [-6.21108, 16.11405, 1.43678],
					"cubes": [
						{
							"origin": [-16.2974, -3.21075, -0.55592],