{
	"format_version": "1.8.0",
	"animations": {
		"animation.enchanter.idle": {
			"loop": true,
			"animation_length": 1.0833,
			"bones": {
				"bone7": {
					"rotation": {
						"0.0": [15.22074, 9.65594, 2.61298],
						"0.5833": [15.34721, -12.06754, -3.28396],
						"1.0833": [15.22074, 9.65594, 2.61298]
					}
				},
				"bone8": {
					"rotation": {
						"0.0": [-35, 0, 0],
						"0.625": [-37.5, 0, 0],
						"1.0833": [-35, 0, 0]
					}
				},
				"bone9": {
					"rotation": {
						"0.0": [-35, 0, 0],
						"0.625": [-37.5, 0, 0],
						"1.0833": [-35, 0, 0]
					}
				},
				"bone10": {
					"rotation": {
						"0.0": [-17.5, 0, 0],
						"0.5417": [-20, 0, 0],
						"1.0833": [-17.5, 0, 0]
					},
					"position": {
						"0.0": [0, 0, -1],
						"1.0833": [0, 0, -1]
					}
				},
				"bone11": {
					"position": [0, -2, 0],
					"scale": 0
				},
				"bone13": {
					"position": {
						"0.0": [0, 0, 0],
						"0.5833": [0, 2, 1],
						"1.0833": [0, 0, 0]
					}
				}
			}
		},
		"animation.enchanter.enchanter": {
			"loop": true,
			"animation_length": 1.5,
			"bones": {
				"bone7": {
					"rotation": {
						"0.0": [10, 0, 0],
						"0.75": [12.5, 0, 0],
						"1.5": [10, 0, 0]
					}
				},
				"bone8": {
					"rotation": {
						"0.0": [-45, 0, -40],
						"0.7083": [-44.89078, -3.53329, -43.54002],
						"1.5": [-45, 0, -40]
					}
				},
				"bone9": {
					"rotation": {
						"0.0": [-45, 0, 40],
						"0.7083": [-44.89078, 3.53329, 43.54002],
						"1.5": [-45, 0, 40]
					}
				},
				"bone10": {
					"position": {
						"0.0": [0, -4, -3],
						"0.7083": [0, -3, -3],
						"1.5": [0, -4, -3]
					}
				},
				"bone11": {
					"position": {
						"0.0": [0, 0, 0],
						"0.7917": [0, 1, 0],
						"1.5": [0, 0, 0]
					}
				},
				"bone13": {
					"position": {
						"0.0": [0, 0, 0],
						"0.75": [0, 1, 2],
						"1.5": [0, 0, 0]
					}
				}
			}
		},
		"animation": {
			"loop": true,
			"bones": {
				"bone3": {
					"position": [0, 19, 0]
				},
				"bone8": {
					"position": [18, 0, 0]
				},
				"bone9": {
					"position": [-14, 0, 0]
				},
				"bone15": {
					"position": [0, 28, 0]
				}
			}
		}
	}
}