{
	"format_version": "1.8.0",
	"animations": {
		"animation.robot.drive": {
			"loop": true,
			"bones": {
				"wheel": {
					"rotation": ["query.modified_distance_moved*40", 0, 0]
				}
			}
		},
		"animation.robot.sway": {
			"animation_length": 1,
			"bones": {
				"root": {
					"rotation": {
						"0.0": [0, 0, 0],
						"0.2": [0, 0, -10],
						"0.5": [0, 0, 10],
						"1.0": [0, 0, 0]
					}
				},
				"head": {
					"rotation": {
						"0.0": [0, 0, 0],
						"0.2": [0, 0, 5],
						"0.5": [0, 0, -5],
						"1.0": [0, 0, 0]
					}
				},
				"right_arm": {
					"rotation": {
						"0.0": [0, 0, 0],
						"0.2": [-3.69723, 24.96817, 27.99413],
						"0.5": [31.80895, 35.36093, 76.41408],
						"1.0": [0, 0, 0]
					}
				},
				"left_arm": {
					"rotation": {
						"0.0": [0, 0, 0],
						"0.2": [3.6972, -24.9682, -27.9941],
						"0.5": [47.30683, -28.97584, -89.74049],
						"1.0": [0, 0, 0]
					}
				}
			}
		}
	}
}