{
    "Addon": {
        "EnchantSetting": {
            "amplifier": 1
        },
        "PackResourceSortData": {
            "32768_sound_definitions": {
                "createTime": 1771703543.199108,
                "modifyTime": 1771703543.199108
            },
            "4194304_admin": {
                "createTime": 1771703543.199108,
                "modifyTime": 1771703543.199108
            },
            "4194304_coin": {
                "createTime": 1771703543.199108,
                "modifyTime": 1771703543.199108
            },
            "4194304_debug": {
                "createTime": 1771703543.199108,
                "modifyTime": 1771703543.199108
            },
            "4194304_hub": {
                "createTime": 1771703543.199108,
                "modifyTime": 1771703543.199108
            },
            "4194304_lobby": {
                "createTime": 1771703543.199108,
                "modifyTime": 1771703543.199108
            }
        },
        "PlayerEffectSetting": {
            "amplifier": 1,
            "duration": 10
        },
        "PresetInstanceTreeData": [

        ]
    },
    "UI": {
        "customPrefabGroupExpand": [

        ],
        "expandData": {
            "prefab": {

            },
            "screen": {
                "G:\\Git\\qcyunting\\mods\\CommonMod\\resource_packs\\CommoModResource\\ui\\cy_toptips.json": [
                    "/main",
                    "/main/stack_panel_toptips",
                    "/main/stack_panel_toptips/image_tips1"
                ]
            }
        }
    }
}